{"v":"5.5.7","fr":25,"ip":0,"op":56,"w":1500,"h":1500,"nm":"55_Crying Face","ddd":0,"assets":[{"id":"comp_0","layers":[{"ddd":0,"ind":1,"ty":3,"nm":"NULL CONTROL","sr":1,"ks":{"o":{"a":0,"k":0,"ix":11},"r":{"a":0,"k":26.5,"ix":10},"p":{"a":0,"k":[880.853,765.506,0],"ix":2},"a":{"a":0,"k":[60,60,0],"ix":1},"s":{"a":0,"k":[250,250,100],"ix":6}},"ao":0,"ip":0,"op":1829,"st":0,"bm":0},{"ddd":0,"ind":2,"ty":4,"nm":"Tear_2","parent":4,"sr":1,"ks":{"o":{"a":0,"k":100,"ix":11},"r":{"a":0,"k":0,"ix":10},"p":{"a":0,"k":[-115.856,43.028,0],"ix":2},"a":{"a":0,"k":[-115.856,43.028,0],"ix":1},"s":{"a":0,"k":[100,100,100],"ix":6}},"ao":0,"ef":[{"ty":5,"nm":"Fast Blur (Legacy)","np":5,"mn":"ADBE Fast Blur","ix":1,"en":1,"ef":[{"ty":0,"nm":"Blurriness","mn":"ADBE Fast Blur-0001","ix":1,"v":{"a":0,"k":18.5,"ix":1}},{"ty":7,"nm":"Blur Dimensions","mn":"ADBE Fast Blur-0002","ix":2,"v":{"a":0,"k":1,"ix":2}},{"ty":7,"nm":"Repeat Edge Pixels","mn":"ADBE Fast Blur-0003","ix":3,"v":{"a":0,"k":0,"ix":3}}]}],"shapes":[{"ty":"gr","it":[{"ind":0,"ty":"sh","ix":1,"ks":{"a":0,"k":{"i":[[0.75,-0.375],[-0.661,-5.662],[-8.892,4.311],[3.455,3.34]],"o":[[-0.75,0.375],[0.806,6.909],[8.25,-4],[-3.455,-3.34]],"v":[[-136.5,5],[-133.17,26.591],[-118.75,38.5],[-119.466,22.215]],"c":true},"ix":2},"nm":"Path 1","mn":"ADBE Vector Shape - Group","hd":false},{"ty":"gf","o":{"a":0,"k":100,"ix":10},"r":1,"bm":0,"g":{"p":5,"k":{"a":0,"k":[0,0.924,0.991,1,0.359,0.737,0.952,1,0.59,0.549,0.914,1,0.795,0.275,0.871,1,1,0,0.828,1,0,1,0.216,1,0.599,1,0.699,0.64,1,0.28],"ix":9}},"s":{"a":0,"k":[-130.516,15.413],"ix":5},"e":{"a":0,"k":[-118.793,37.853],"ix":6},"t":2,"h":{"a":0,"k":0,"ix":7},"a":{"a":0,"k":0,"ix":8},"nm":"Gradient Fill 1","mn":"ADBE Vector Graphic - G-Fill","hd":false},{"ty":"tr","p":{"a":0,"k":[0,0],"ix":2},"a":{"a":0,"k":[0,0],"ix":1},"s":{"a":0,"k":[100,100],"ix":3},"r":{"a":0,"k":0,"ix":6},"o":{"a":0,"k":100,"ix":7},"sk":{"a":0,"k":0,"ix":4},"sa":{"a":0,"k":0,"ix":5},"nm":"Transform"}],"nm":"Shape 2","np":3,"cix":2,"bm":0,"ix":1,"mn":"ADBE Vector Group","hd":false}],"ip":0,"op":1829,"st":0,"bm":0},{"ddd":0,"ind":3,"ty":4,"nm":"Tear_3","parent":4,"sr":1,"ks":{"o":{"a":0,"k":100,"ix":11},"r":{"a":0,"k":0,"ix":10},"p":{"a":0,"k":[-114.342,41.494,0],"ix":2},"a":{"a":0,"k":[-114.342,41.494,0],"ix":1},"s":{"a":0,"k":[100,100,100],"ix":6}},"ao":0,"ef":[{"ty":5,"nm":"Fast Box Blur","np":6,"mn":"ADBE Box Blur2","ix":1,"en":1,"ef":[{"ty":0,"nm":"Blur Radius","mn":"ADBE Box Blur2-0001","ix":1,"v":{"a":0,"k":3,"ix":1}},{"ty":0,"nm":"Iterations","mn":"ADBE Box Blur2-0002","ix":2,"v":{"a":0,"k":3,"ix":2}},{"ty":7,"nm":"Blur Dimensions","mn":"ADBE Box Blur2-0003","ix":3,"v":{"a":0,"k":1,"ix":3}},{"ty":7,"nm":"Repeat Edge Pixels","mn":"ADBE Box Blur2-0004","ix":4,"v":{"a":0,"k":0,"ix":4}}]}],"shapes":[{"ty":"gr","it":[{"ind":0,"ty":"sh","ix":1,"ks":{"a":0,"k":{"i":[[4.187,3.407],[0,0],[-0.875,-11.812],[-9.055,6.889],[2.375,2.125]],"o":[[-3.688,-3],[0,0],[0.887,11.968],[11.5,-8.75],[-2.375,-2.125]],"v":[[-134.375,5.25],[-137.625,7],[-136.375,29.312],[-115.125,42],[-117,19.5]],"c":true},"ix":2},"nm":"Path 1","mn":"ADBE Vector Shape - Group","hd":false},{"ty":"gf","o":{"a":0,"k":100,"ix":10},"r":1,"bm":0,"g":{"p":3,"k":{"a":0,"k":[0,0.027,0.54,0.812,0.609,0.057,0.59,0.867,1,0.086,0.639,0.922,0,1,0.288,1,0.798,1,0.899,0.5,1,0],"ix":9}},"s":{"a":0,"k":[-127.961,23.81],"ix":5},"e":{"a":0,"k":[-110.066,37.444],"ix":6},"t":2,"h":{"a":0,"k":1.176,"ix":7},"a":{"a":0,"k":57.057,"ix":8},"nm":"Gradient Fill 1","mn":"ADBE Vector Graphic - G-Fill","hd":false},{"ty":"tr","p":{"a":0,"k":[0,0],"ix":2},"a":{"a":0,"k":[0,0],"ix":1},"s":{"a":0,"k":[100,100],"ix":3},"r":{"a":0,"k":0,"ix":6},"o":{"a":0,"k":100,"ix":7},"sk":{"a":0,"k":0,"ix":4},"sa":{"a":0,"k":0,"ix":5},"nm":"Transform"}],"nm":"Shape 4","np":3,"cix":2,"bm":0,"ix":1,"mn":"ADBE Vector Group","hd":false}],"ip":0,"op":1829,"st":0,"bm":0},{"ddd":0,"ind":4,"ty":4,"nm":"Tear_1","parent":1,"sr":1,"ks":{"o":{"a":0,"k":100,"ix":11},"r":{"a":0,"k":0,"ix":10},"p":{"a":0,"k":[241.25,387.083,0],"ix":2},"a":{"a":0,"k":[-115.171,44.021,0],"ix":1},"s":{"a":0,"k":[833.333,833.333,100],"ix":6}},"ao":0,"shapes":[{"ty":"gr","it":[{"ind":0,"ty":"sh","ix":1,"ks":{"a":0,"k":{"i":[[4.222,3.363],[0,0],[-0.113,-10.881],[-10.25,7],[2.375,2.125]],"o":[[-3.688,-2.938],[0,0],[0.125,12],[11.316,-7.728],[-2.375,-2.125]],"v":[[-134.375,5.25],[-137.625,7],[-136.25,29.438],[-114.5,44.125],[-117.25,19.75]],"c":true},"ix":2},"nm":"Path 1","mn":"ADBE Vector Shape - Group","hd":false},{"ty":"fl","c":{"a":0,"k":[0.20000001496,0.764705942191,1,1],"ix":4},"o":{"a":0,"k":100,"ix":5},"r":1,"bm":0,"nm":"Fill 1","mn":"ADBE Vector Graphic - Fill","hd":false},{"ty":"tr","p":{"a":0,"k":[0,0],"ix":2},"a":{"a":0,"k":[0,0],"ix":1},"s":{"a":0,"k":[100,100],"ix":3},"r":{"a":0,"k":0,"ix":6},"o":{"a":0,"k":100,"ix":7},"sk":{"a":0,"k":0,"ix":4},"sa":{"a":0,"k":0,"ix":5},"nm":"Transform"}],"nm":"Shape 3","np":3,"cix":2,"bm":0,"ix":3,"mn":"ADBE Vector Group","hd":false},{"ty":"gr","it":[{"ind":0,"ty":"sh","ix":1,"ks":{"a":0,"k":{"i":[[4.215,3.372],[0,0],[-0.527,-10.869],[-9.128,6.793],[2.375,2.125]],"o":[[-3.75,-3],[0,0],[0.6,12.377],[10.75,-8],[-2.375,-2.125]],"v":[[-134.375,5.25],[-137.625,7],[-136.93,29.332],[-114.75,43.625],[-116.943,19.202]],"c":true},"ix":2},"nm":"Path 1","mn":"ADBE Vector Shape - Group","hd":false},{"ty":"fl","c":{"a":0,"k":[0.098039223166,0.501960784314,0.713725490196,1],"ix":4},"o":{"a":0,"k":100,"ix":5},"r":1,"bm":0,"nm":"Fill 1","mn":"ADBE Vector Graphic - Fill","hd":false},{"ty":"tr","p":{"a":0,"k":[0,0],"ix":2},"a":{"a":0,"k":[0,0],"ix":1},"s":{"a":0,"k":[100,100],"ix":3},"r":{"a":0,"k":0,"ix":6},"o":{"a":0,"k":100,"ix":7},"sk":{"a":0,"k":0,"ix":4},"sa":{"a":0,"k":0,"ix":5},"nm":"Transform"}],"nm":"Shape 1","np":3,"cix":2,"bm":0,"ix":4,"mn":"ADBE Vector Group","hd":false}],"ip":0,"op":1829,"st":0,"bm":0}]}],"layers":[{"ddd":0,"ind":1,"ty":3,"nm":"SIZE","sr":1,"ks":{"o":{"a":0,"k":0,"ix":11},"r":{"a":0,"k":0,"ix":10},"p":{"a":0,"k":[749.695,741.5,0],"ix":2},"a":{"a":0,"k":[60,60,0],"ix":1},"s":{"a":0,"k":[650,650,100],"ix":6}},"ao":0,"ip":0,"op":56,"st":0,"bm":0},{"ddd":0,"ind":2,"ty":3,"nm":"Body CONTROL","parent":1,"sr":1,"ks":{"o":{"a":0,"k":0,"ix":11},"r":{"a":0,"k":0,"ix":10},"p":{"a":1,"k":[{"i":{"x":0.512,"y":1},"o":{"x":0.517,"y":0},"t":0,"s":[60,55,0],"to":[0,0,0],"ti":[0,0,0]},{"i":{"x":0.459,"y":1},"o":{"x":0.509,"y":0},"t":11,"s":[60,65.7,0],"to":[0,0,0],"ti":[0,0,0]},{"i":{"x":0.309,"y":1},"o":{"x":0.296,"y":0},"t":22,"s":[60,44.9,0],"to":[0,0,0],"ti":[0,0,0]},{"t":51,"s":[60,55,0]}],"ix":2},"a":{"a":0,"k":[60,60,0],"ix":1},"s":{"a":0,"k":[100,100,100],"ix":6}},"ao":0,"ip":0,"op":56,"st":0,"bm":0},{"ddd":0,"ind":3,"ty":3,"nm":"Face CONTROL","parent":10,"sr":1,"ks":{"o":{"a":0,"k":0,"ix":11},"r":{"a":0,"k":0,"ix":10},"p":{"a":1,"k":[{"i":{"x":0.667,"y":1},"o":{"x":0.333,"y":0},"t":0,"s":[0,-60.1,0],"to":[0,0,0],"ti":[0,0,0]},{"i":{"x":0.504,"y":1},"o":{"x":0.602,"y":0},"t":13,"s":[0,-23.7,0],"to":[0,0,0],"ti":[0,0,0]},{"i":{"x":0.427,"y":1},"o":{"x":0.167,"y":0},"t":24,"s":[0,-128.8,0],"to":[0,0,0],"ti":[0,0,0]},{"t":51,"s":[0,-60.1,0]}],"ix":2},"a":{"a":0,"k":[60,60,0],"ix":1},"s":{"a":0,"k":[100,100,100],"ix":6}},"ao":0,"ip":0,"op":56,"st":0,"bm":0},{"ddd":0,"ind":4,"ty":0,"nm":"Tear 2","parent":3,"refId":"comp_0","sr":1,"ks":{"o":{"a":0,"k":100,"ix":11},"r":{"a":0,"k":0,"ix":10},"p":{"a":1,"k":[{"i":{"x":0.522,"y":1},"o":{"x":0.648,"y":0},"t":0,"s":[-36.985,101.866,0],"to":[0,0,0],"ti":[0,0,0]},{"i":{"x":0.833,"y":0.833},"o":{"x":0.733,"y":0},"t":4,"s":[-36.985,120.866,0],"to":[0,-15.143,0],"ti":[0,18.31,0]},{"i":{"x":0.833,"y":0.833},"o":{"x":0.167,"y":0.167},"t":9,"s":[-36.985,52.909,0],"to":[0,-18.31,0],"ti":[0,-8.16,0]},{"i":{"x":0.207,"y":1},"o":{"x":0.167,"y":0.167},"t":13,"s":[-36.985,11.009,0],"to":[0,8.16,0],"ti":[0,-15.143,0]},{"t":23,"s":[-36.985,101.866,0]}],"ix":2},"a":{"a":0,"k":[883.475,766.551,0],"ix":1},"s":{"a":1,"k":[{"i":{"x":[0.667,0.667,0.667],"y":[1,1,1]},"o":{"x":[0.611,0.611,0.438],"y":[0,0,0]},"t":2,"s":[19.09,19.09,100]},{"i":{"x":[0.833,0.833,0.833],"y":[0.833,0.833,1]},"o":{"x":[0.733,0.733,0.333],"y":[0,0,0]},"t":6,"s":[17.333,21,100]},{"i":{"x":[0.833,0.833,0.833],"y":[0.833,0.833,0.833]},"o":{"x":[0.167,0.167,0.167],"y":[0.167,0.167,0.167]},"t":10,"s":[0,0,100]},{"i":{"x":[0.214,0.214,0.667],"y":[1,1,1]},"o":{"x":[0.167,0.167,0.167],"y":[0.167,0.167,0]},"t":13,"s":[0,0,100]},{"i":{"x":[0.411,0.411,0.667],"y":[1,1,1]},"o":{"x":[0.333,0.333,0.333],"y":[0,0,0]},"t":21,"s":[16.97,21.21,100]},{"i":{"x":[0.301,0.301,0.667],"y":[1,1,1]},"o":{"x":[0.333,0.333,0.333],"y":[0,0,0]},"t":29,"s":[19.898,17.778,100]},{"t":36,"s":[19.09,19.09,100]}],"ix":6}},"ao":0,"w":1800,"h":2217,"ip":0,"op":56,"st":0,"bm":0},{"ddd":0,"ind":6,"ty":0,"nm":"Tear 2","parent":4,"refId":"comp_0","sr":1,"ks":{"o":{"a":0,"k":100,"ix":11},"r":{"a":0,"k":0,"ix":10},"p":{"a":0,"k":[883.475,766.551,0],"ix":2},"a":{"a":0,"k":[883.475,766.551,0],"ix":1},"s":{"a":0,"k":[100,100,100],"ix":6}},"ao":0,"ef":[{"ty":25,"nm":"Drop Shadow","np":8,"mn":"ADBE Drop Shadow","ix":1,"en":1,"ef":[{"ty":2,"nm":"Shadow Color","mn":"ADBE Drop Shadow-0001","ix":1,"v":{"a":0,"k":[0,0,0,1],"ix":1}},{"ty":0,"nm":"Opacity","mn":"ADBE Drop Shadow-0002","ix":2,"v":{"a":0,"k":102,"ix":2}},{"ty":0,"nm":"Direction","mn":"ADBE Drop Shadow-0003","ix":3,"v":{"a":0,"k":191,"ix":3}},{"ty":0,"nm":"Distance","mn":"ADBE Drop Shadow-0004","ix":4,"v":{"a":0,"k":65,"ix":4,"x":"var $bm_rt;\n$bm_rt = $bm_div($bm_mul(value, thisComp.layer('SIZE').transform.scale[0]), 650);"}},{"ty":0,"nm":"Softness","mn":"ADBE Drop Shadow-0005","ix":5,"v":{"a":0,"k":381,"ix":5,"x":"var $bm_rt;\n$bm_rt = $bm_div($bm_mul(value, thisComp.layer('SIZE').transform.scale[0]), 650);"}},{"ty":7,"nm":"Shadow Only","mn":"ADBE Drop Shadow-0006","ix":6,"v":{"a":0,"k":0,"ix":6}}]}],"w":1800,"h":2217,"ip":0,"op":56,"st":0,"bm":0},{"ddd":0,"ind":7,"ty":4,"nm":"Light","parent":8,"sr":1,"ks":{"o":{"a":0,"k":70,"ix":11},"r":{"a":0,"k":0,"ix":10},"p":{"a":0,"k":[0,0,0],"ix":2},"a":{"a":0,"k":[0,0,0],"ix":1},"s":{"a":0,"k":[100,100,100],"ix":6}},"ao":0,"shapes":[{"ty":"gr","it":[{"d":1,"ty":"el","s":{"a":0,"k":[127.932,127.932],"ix":2},"p":{"a":0,"k":[0,0],"ix":3},"nm":"Ellipse Path 1","mn":"ADBE Vector Shape - Ellipse","hd":false},{"ty":"gf","o":{"a":0,"k":100,"ix":10},"r":1,"bm":0,"g":{"p":3,"k":{"a":0,"k":[0,1,1,1,0.5,1,1,1,1,1,1,1,0,1,0.361,0.5,1,0],"ix":9}},"s":{"a":0,"k":[0.744,-64.67],"ix":5},"e":{"a":0,"k":[0.658,-9.553],"ix":6},"t":1,"nm":"Gradient Fill 1","mn":"ADBE Vector Graphic - G-Fill","hd":false},{"ty":"tr","p":{"a":0,"k":[0,-0.5],"ix":2},"a":{"a":0,"k":[0,0],"ix":1},"s":{"a":0,"k":[100,100],"ix":3},"r":{"a":0,"k":0,"ix":6},"o":{"a":0,"k":100,"ix":7},"sk":{"a":0,"k":0,"ix":4},"sa":{"a":0,"k":0,"ix":5},"nm":"Transform"}],"nm":"Ellipse 2","np":3,"cix":2,"bm":0,"ix":1,"mn":"ADBE Vector Group","hd":false}],"ip":0,"op":56,"st":0,"bm":16},{"ddd":0,"ind":8,"ty":4,"nm":"Face","parent":2,"sr":1,"ks":{"o":{"a":0,"k":100,"ix":11},"r":{"a":0,"k":0,"ix":10},"p":{"a":0,"k":[59.695,73.4,0],"ix":2},"a":{"a":0,"k":[0,0,0],"ix":1},"s":{"a":0,"k":[100,100,100],"ix":6}},"ao":0,"shapes":[{"ty":"gr","it":[{"ty":"gr","it":[{"ty":"gr","it":[{"ind":0,"ty":"sh","ix":1,"ks":{"a":0,"k":{"i":[[-11.514,10.593],[1.75,-2.625],[13,2.125],[-2.375,0]],"o":[[3.125,-2.875],[-1.75,2.625],[-5.984,-0.978],[2.375,0]],"v":[[-26.14,-32.9],[-24.64,-29.025],[-51.515,-16.15],[-52.64,-20.65]],"c":true},"ix":2},"nm":"Path 1","mn":"ADBE Vector Shape - Group","hd":false},{"ty":"tr","p":{"a":1,"k":[{"i":{"x":0.627,"y":1},"o":{"x":0.61,"y":0},"t":0,"s":[37.484,-4.015],"to":[0,0],"ti":[0,0]},{"i":{"x":0.39,"y":1},"o":{"x":0.441,"y":0},"t":12,"s":[41.029,-8.539],"to":[0,0],"ti":[0,0]},{"i":{"x":0.39,"y":1},"o":{"x":0.342,"y":0},"t":20,"s":[41.029,-0.039],"to":[0,0],"ti":[0,0]},{"t":51,"s":[37.484,-4.015]}],"ix":2},"a":{"a":0,"k":[-39.501,-22.972],"ix":1},"s":{"a":0,"k":[-100,100],"ix":3},"r":{"a":0,"k":197.522,"ix":6},"o":{"a":0,"k":100,"ix":7},"sk":{"a":0,"k":0,"ix":4},"sa":{"a":0,"k":0,"ix":5},"nm":"Transform"}],"nm":"Shape 2","np":3,"cix":2,"bm":0,"ix":1,"mn":"ADBE Vector Group","hd":false},{"ty":"gr","it":[{"ind":0,"ty":"sh","ix":1,"ks":{"a":0,"k":{"i":[[3.125,-2.875],[2.375,0],[-5.984,-0.978],[-1.75,2.625]],"o":[[-11.514,10.593],[-2.375,0],[13,2.125],[1.75,-2.625]],"v":[[-26.14,-32.9],[-52.64,-20.65],[-51.515,-16.15],[-24.64,-29.025]],"c":true},"ix":2},"nm":"Path 1","mn":"ADBE Vector Shape - Group","hd":false},{"ty":"tr","p":{"a":1,"k":[{"i":{"x":0.627,"y":1},"o":{"x":0.61,"y":0},"t":0,"s":[-35.708,-4.814],"to":[0,0],"ti":[0,0]},{"i":{"x":0.39,"y":1},"o":{"x":0.441,"y":0},"t":12,"s":[-39.501,-8.039],"to":[0,0],"ti":[0,0]},{"i":{"x":0.353,"y":1},"o":{"x":0.342,"y":0},"t":20,"s":[-39.501,0.461],"to":[0,0],"ti":[0,0]},{"t":51,"s":[-35.708,-4.814]}],"ix":2},"a":{"a":0,"k":[-39.501,-22.972],"ix":1},"s":{"a":0,"k":[100,100],"ix":3},"r":{"a":0,"k":162.294,"ix":6},"o":{"a":0,"k":100,"ix":7},"sk":{"a":0,"k":0,"ix":4},"sa":{"a":0,"k":0,"ix":5},"nm":"Transform"}],"nm":"Shape 1","np":3,"cix":2,"bm":0,"ix":2,"mn":"ADBE Vector Group","hd":false},{"ty":"gr","it":[{"ty":"gr","it":[{"ind":0,"ty":"sh","ix":1,"ks":{"a":0,"k":{"i":[[4.054,0],[0,-6.354],[-0.202,-1.051],[-3.318,0],[-0.954,4.618],[0,1.238]],"o":[[-4.054,0],[0,1.154],[0.909,4.736],[3.264,0],[0.231,-1.117],[0,-6.354]],"v":[[23.884,-14.255],[16.531,-4.25],[16.841,-0.932],[23.884,6.504],[30.858,-0.703],[31.213,-4.25]],"c":true},"ix":2},"nm":"Path 6","mn":"ADBE Vector Shape - Group","hd":false},{"ty":"tr","p":{"a":0,"k":[21.652,14.326],"ix":2},"a":{"a":0,"k":[23.692,-3.973],"ix":1},"s":{"a":0,"k":[96.222,108.04],"ix":3},"r":{"a":0,"k":0,"ix":6},"o":{"a":0,"k":100,"ix":7},"sk":{"a":0,"k":0,"ix":4},"sa":{"a":0,"k":0,"ix":5},"nm":"Transform"}],"nm":"Group 2","np":1,"cix":2,"bm":0,"ix":1,"mn":"ADBE Vector Group","hd":false},{"ty":"gr","it":[{"ind":0,"ty":"sh","ix":1,"ks":{"a":0,"k":{"i":[[4.319,-0.177],[0.032,-5.821],[-0.209,-0.976],[-3.532,0.203],[-0.823,4.218],[0.052,1.133]],"o":[[-4.438,0.181],[-0.006,1.057],[0.943,4.397],[3.36,-0.193],[0.199,-1.021],[-0.268,-5.815]],"v":[[21.02,12.116],[13.352,21.723],[13.665,24.783],[21.304,32.042],[28.516,24.688],[28.745,21.445]],"c":true},"ix":2},"nm":"Path 6","mn":"ADBE Vector Shape - Group","hd":false},{"ty":"tr","p":{"a":0,"k":[-20.611,14.971],"ix":2},"a":{"a":0,"k":[20.841,22.538],"ix":1},"s":{"a":0,"k":[88.375,108.04],"ix":3},"r":{"a":0,"k":0,"ix":6},"o":{"a":0,"k":100,"ix":7},"sk":{"a":0,"k":0,"ix":4},"sa":{"a":0,"k":0,"ix":5},"nm":"Transform"}],"nm":"Group 1","np":1,"cix":2,"bm":0,"ix":2,"mn":"ADBE Vector Group","hd":false},{"ty":"tr","p":{"a":0,"k":[0.154,13.594],"ix":2},"a":{"a":0,"k":[0.192,13.815],"ix":1},"s":{"a":0,"k":[100,100],"ix":3},"r":{"a":0,"k":0,"ix":6},"o":{"a":0,"k":100,"ix":7},"sk":{"a":0,"k":0,"ix":4},"sa":{"a":0,"k":0,"ix":5},"nm":"Transform"}],"nm":"Group 3","np":2,"cix":2,"bm":0,"ix":3,"mn":"ADBE Vector Group","hd":false},{"ty":"gr","it":[{"ind":0,"ty":"sh","ix":1,"ks":{"a":1,"k":[{"i":{"x":0.39,"y":1},"o":{"x":0.61,"y":0},"t":0,"s":[{"i":[[14.429,-0.001],[-1.287,-0.668],[-11.987,0.321],[-0.831,0.854]],"o":[[-13.904,0.001],[1.287,0.668],[10.479,-0.281],[0.707,-0.726]],"v":[[-0.008,46.228],[-18.566,59.978],[-0.044,54.6],[19.045,60.228]],"c":true}]},{"i":{"x":0.39,"y":1},"o":{"x":0.61,"y":0},"t":14,"s":[{"i":[[14.429,-0.001],[-1.287,-0.668],[-11.987,0.321],[-0.831,0.854]],"o":[[-13.904,0.001],[1.287,0.668],[10.479,-0.281],[0.707,-0.726]],"v":[[-0.008,46.228],[-18.566,59.978],[-0.044,54.6],[19.045,60.228]],"c":true}]},{"i":{"x":0.39,"y":1},"o":{"x":0.61,"y":0},"t":23,"s":[{"i":[[14.429,-0.001],[-1.287,-0.668],[-11.987,0.321],[-0.831,0.854]],"o":[[-13.904,0.001],[1.287,0.668],[10.479,-0.281],[0.707,-0.726]],"v":[[-0.12,47.319],[-18.434,64.013],[0.049,57.218],[19.177,64.263]],"c":true}]},{"t":51,"s":[{"i":[[14.429,-0.001],[-1.287,-0.668],[-11.987,0.321],[-0.831,0.854]],"o":[[-13.904,0.001],[1.287,0.668],[10.479,-0.281],[0.707,-0.726]],"v":[[-0.008,46.228],[-18.566,59.978],[-0.044,54.6],[19.045,60.228]],"c":true}]}],"ix":2},"nm":"Path 2","mn":"ADBE Vector Shape - Group","hd":false},{"ty":"tr","p":{"a":0,"k":[0.083,54.659],"ix":2},"a":{"a":0,"k":[0.055,48.091],"ix":1},"s":{"a":0,"k":[104.6,114.6],"ix":3},"r":{"a":0,"k":0,"ix":6},"o":{"a":0,"k":100,"ix":7},"sk":{"a":0,"k":0,"ix":4},"sa":{"a":0,"k":0,"ix":5},"nm":"Transform"}],"nm":"Group 1","np":1,"cix":2,"bm":0,"ix":4,"mn":"ADBE Vector Group","hd":false},{"ty":"tr","p":{"a":0,"k":[-0.549,16.288],"ix":2,"x":"var $bm_rt;\n$bm_rt = $bm_sum(value, $bm_div(thisComp.layer('Face CONTROL').transform.position, 3.33));"},"a":{"a":0,"k":[-0.549,16.288],"ix":1},"s":{"a":0,"k":[100,100],"ix":3,"x":"var $bm_rt;\n$bm_rt = $bm_sub($bm_sum(value, thisComp.layer('Face CONTROL').transform.scale), [\n    100,\n    100\n]);"},"r":{"a":0,"k":0,"ix":6,"x":"var $bm_rt;\n$bm_rt = $bm_sum(value, thisComp.layer('Face CONTROL').transform.rotation);"},"o":{"a":0,"k":100,"ix":7},"sk":{"a":0,"k":0,"ix":4},"sa":{"a":0,"k":0,"ix":5},"nm":"Transform"}],"nm":"Group 1","np":4,"cix":2,"bm":0,"ix":1,"mn":"ADBE Vector Group","hd":false},{"ind":1,"ty":"sh","ix":2,"ks":{"a":0,"k":{"i":[[-39.994,0],[0,-39.994],[39.994,0],[0,39.994]],"o":[[39.994,0],[0,39.994],[-39.994,0],[0,-39.994]],"v":[[0,-72.416],[72.416,0],[0,72.416],[-72.416,0]],"c":true},"ix":2},"nm":"Path 1","mn":"ADBE Vector Shape - Group","hd":false},{"ty":"gf","o":{"a":0,"k":100,"ix":10},"r":1,"bm":0,"g":{"p":3,"k":{"a":0,"k":[0.662,1,0.843,0.212,0.857,0.904,0.641,0.114,0.982,0.808,0.439,0.016],"ix":9}},"s":{"a":0,"k":[0.744,-13.84],"ix":5},"e":{"a":0,"k":[0.658,65.297],"ix":6},"t":2,"h":{"a":0,"k":0,"ix":7},"a":{"a":0,"k":0,"ix":8},"nm":"909","mn":"ADBE Vector Graphic - G-Fill","hd":false},{"ty":"tr","p":{"a":0,"k":[0.666,-1.301],"ix":2},"a":{"a":0,"k":[0.666,-0.801],"ix":1},"s":{"a":0,"k":[100,100],"ix":3},"r":{"a":0,"k":0,"ix":6},"o":{"a":0,"k":100,"ix":7},"sk":{"a":0,"k":0,"ix":4},"sa":{"a":0,"k":0,"ix":5},"nm":"Transform"}],"nm":"Ellipse 1","np":4,"cix":2,"bm":0,"ix":1,"mn":"ADBE Vector Group","hd":false}],"ip":0,"op":56,"st":0,"bm":0},{"ddd":0,"ind":9,"ty":4,"nm":"Dark_Base","parent":8,"sr":1,"ks":{"o":{"a":0,"k":100,"ix":11},"r":{"a":0,"k":0,"ix":10},"p":{"a":0,"k":[0,0,0],"ix":2},"a":{"a":0,"k":[0,0,0],"ix":1},"s":{"a":0,"k":[100,100,100],"ix":6}},"ao":0,"shapes":[{"ty":"gr","it":[{"ind":0,"ty":"sh","ix":1,"ks":{"a":0,"k":{"i":[[-39.994,0],[0,-39.994],[39.994,0],[0,39.994]],"o":[[39.994,0],[0,39.994],[-39.994,0],[0,-39.994]],"v":[[0,-72.416],[72.416,0],[0,72.416],[-72.416,0]],"c":true},"ix":2},"nm":"Path 1","mn":"ADBE Vector Shape - Group","hd":false},{"ty":"fl","c":{"a":0,"k":[0.341176470588,0.160784313725,0.027450980392,1],"ix":4},"o":{"a":0,"k":100,"ix":5},"r":1,"bm":0,"nm":"Fill 1","mn":"ADBE Vector Graphic - Fill","hd":false},{"ty":"tr","p":{"a":0,"k":[0,-0.5],"ix":2},"a":{"a":0,"k":[0,0],"ix":1},"s":{"a":0,"k":[100,100],"ix":3},"r":{"a":0,"k":0,"ix":6},"o":{"a":0,"k":100,"ix":7},"sk":{"a":0,"k":0,"ix":4},"sa":{"a":0,"k":0,"ix":5},"nm":"Transform"}],"nm":"Ellipse 1","np":3,"cix":2,"bm":0,"ix":1,"mn":"ADBE Vector Group","hd":false}],"ip":0,"op":56,"st":0,"bm":0},{"ddd":0,"ind":10,"ty":3,"nm":"Zero_Face CONTROL","parent":8,"sr":1,"ks":{"o":{"a":0,"k":0,"ix":11},"r":{"a":0,"k":0,"ix":10},"p":{"a":0,"k":[-0.479,15.9,0],"ix":2},"a":{"a":0,"k":[0,0,0],"ix":1},"s":{"a":0,"k":[30,30,100],"ix":6}},"ao":0,"ip":0,"op":56,"st":0,"bm":0}],"markers":[{"tm":55,"cm":"1","dr":0}]}